time,qdot_1,qdot_2,qdot_3,qdot_4,qdot_5,qdot_6
0,-0.0100703212073263,-0.0109368331911492,0.017110524072628,2.05631203732336e-05,0.00260086732289384,-1.35795339821464e-11
0.05,-0.221773242581136,-0.117405856185416,0.108479782545748,0.0002359196397288,0.0170071840870118,1.08928896794064e-10
0.1,-0.233199799857628,-0.123525157452574,0.118406692513657,0.000334134672814164,0.0186390677783764,1.2893817334769e-10
0.15,-0.235603112650277,-0.121537113490922,0.116376296018417,0.000385905051238075,0.0183646424844424,-2.58394942946048e-12
0.2,-0.23725039713537,-0.118648609074148,0.112891518186388,0.000418533852235578,0.0178440921995986,-8.36329358683934e-11
0.25,-0.23850145486167,-0.115623485770692,0.109257418067027,0.000442828199803525,0.0172914127445554,4.90047838830039e-11
0.3,-0.23936540609212,-0.112563890748503,0.105641521725619,0.000463148893746477,0.0167372372568304,4.90448121646693e-11
0.35,-0.239835991956545,-0.109496717692495,0.102076225221463,0.000481279751020748,0.0161885732651263,5.9106883943092e-11
0.4,-0.239907399683084,-0.10644017510149,0.0985778199029523,0.000497905172895719,0.0156488242957459,4.10929905877325e-12
0.45,-0.239575077348975,-0.103411399643035,0.0951602997585963,0.000513275908007846,0.015120605118054,6.46058123678319e-11
0.5,-0.238827340410587,-0.100428638071431,0.0918363782299021,0.000527622597659313,0.0146061323302161,-2.68379702459596e-11
0.55,-0.237687874292045,-0.0975037375620245,0.0886195435176701,0.00054067120427585,0.0141076589640383,3.94450553712768e-11
0.6,-0.236129462010259,-0.0946575651953754,0.0855203759957323,0.000552456071753994,0.0136269753997451,5.76268036397671e-11
0.65,-0.234157085757453,-0.091904556225788,0.0825470945496129,0.000563051661373358,0.0131655255045988,-1.37636195576589e-11
0.7,-0.231767760321231,-0.0892737048314448,0.0796940798721349,0.000572630598764632,0.0127226766579385,8.06333262045162e-11
0.75,-0.229058491363479,-0.0867757878793706,0.0770291674899922,0.000580405828127539,0.0123086027655285,2.67347499813983e-10
0.8,-0.225881760551942,-0.0843519864500273,0.07452883948735,0.000586466763269622,0.0119198334657565,1.2205957349787e-11
0.85,-0.222310536484904,-0.0821113201895019,0.0721544465987884,0.00059120197277409,0.0115507408479454,4.05274424641385e-11
0.9,-0.218372822163342,-0.0800311083225495,0.0699532210080176,0.000594603849923108,0.0112087605937629,4.97777997642074e-11
0.95,-0.21406580205872,-0.0781171798680889,0.0679288410092755,0.000596580333126793,0.0108945386187322,-6.39990267040411e-11
1,-0.209397894330636,-0.0763802937568301,0.0660831938418769,0.000596902803781856,0.0106084273986984,5.67828515964778e-11
1.05,-0.20437295457828,-0.0748228476938958,0.0644172298618677,0.000595729910099151,0.0103506476404327,3.91548150699664e-11
1.1,-0.199007610556545,-0.0734562986507179,0.0629327020579006,0.000592951447454161,0.010121543893527,2.54756764300485e-11
1.15,-0.193311305456743,-0.0722837355223212,0.0616297572050613,0.000588509983818728,0.00992121637919688,3.76590317239562e-11
1.2,-0.187295614518456,-0.071308210259208,0.0605075326827925,0.000582315899970702,0.00974958238146227,6.71942978921164e-11
1.25,-0.180973153771402,-0.0705322648153394,0.0595637507176432,0.000574178091777436,0.00960632392152705,1.21527056794656e-10
1.3,-0.174354061421785,-0.0699487827399544,0.0588014392115364,0.000564241970111564,0.00949199181016023,6.38062550107772e-12
1.35,-0.167454912422872,-0.0695724435084971,0.0582062360484119,0.000552495955316006,0.00940441954530688,1.38972910352279e-10
1.4,-0.160284002842569,-0.0693910708131994,0.0577783847848859,0.000538633022948236,0.00934358017697325,-9.65240540178934e-11
1.45,-0.152843202570525,-0.0693890637000829,0.0575168102310112,0.000522860055333872,0.00930953565995465,-1.88950681624659e-10
1.5,-0.145161899000883,-0.0695881562192111,0.0574013270832648,0.000504843057939441,0.0092989277564338,2.65566609632233e-10
1.55,-0.137235287536723,-0.0699527244164494,0.0574331046420433,0.000484714187694173,0.00931210624300772,2.65606707267798e-10
1.6,-0.129096760722853,-0.0705054539015148,0.0576078305585613,0.000462327400048725,0.00934829819282302,3.80545201793851e-12
1.65,-0.120723637753777,-0.0712190547896138,0.0579107036902169,0.00043759413388562,0.00940510301981422,-1.47820575407458e-10
1.7,-0.112157200855498,-0.0720758440125216,0.0583200321976679,0.000410467200771667,0.00947924288394395,9.15529004253402e-11
1.75,-0.103385855322346,-0.0730844004672022,0.0588355747847253,0.000380799628762821,0.00957062706681289,2.12814314251194e-10
1.8,-0.0944347314193707,-0.0742168254820235,0.0594430735787642,0.000348600662940789,0.00967709100563577,1.77312467882655e-11
1.85,-0.0852991241037435,-0.0754691173566137,0.0601286784326946,0.000313609563424987,0.00979641435495913,-9.28954777479754e-11
1.9,-0.0759910741785099,-0.0768241700340218,0.0608787386491184,0.0002759489308525,0.00992636752920127,-8.00810273545987e-12
1.95,-0.0665157234380882,-0.0782681678520542,0.0616808623345855,0.000235515717416172,0.0100649739141608,-2.32642583781883e-10
2,-0.0568805917342618,-0.0797853310910266,0.0625213772759534,0.000192243385976022,0.0102100313313824,-2.01426463268696e-10
2.05,-0.0470918652415126,-0.0813595815247434,0.0633865701897809,0.000146060995459463,0.0103593265691437,-2.9351826417198e-10
2.1,-0.0371565724922186,-0.0829739710946315,0.0642618920162092,9.67558064822808e-05,0.0105104624665975,-9.79873013893157e-12
2.15,-0.0270796829686524,-0.0846109521724878,0.0651329032335234,4.45828751916648e-05,0.0106611600375398,-2.78050790977342e-10
2.2,-0.0168689616846678,-0.0862525019223276,0.0659845177597823,-1.05394371760431e-05,0.0108089809105232,-2.23925966442342e-10
2.25,-0.00652891565583861,-0.0878806308338471,0.0668028106236999,-6.86510425546564e-05,0.0109516514655383,-2.84108903653244e-10
2.3,0.0039341154688713,-0.0894768505502122,0.067573791786512,-0.00012978134538816,0.0110868846064498,-1.23131941023813e-10
2.35,0.0145156608993826,-0.0910223114223314,0.0682836552943363,-0.000193873819293294,0.0112124257627871,-3.44396665220932e-10
2.4,0.0252079825976234,-0.0924955910615493,0.0689253073678122,-0.000261060441384508,0.0113269964804278,-1.71947064139758e-10
2.45,0.036007669990845,-0.0938854119427098,0.0694655448102353,-0.000331031622623135,0.0114253950024701,2.32377519523502e-10
2.5,0.0469041055390487,-0.0951637192208253,0.0699126129572822,-0.000403694528885218,0.0115087654280879,5.47860607000189e-12
2.55,0.057890628466099,-0.0963145763731081,0.0702485415001525,-0.000478927000126774,0.0115741709023389,-8.54573019066203e-11
2.6,0.0689588686276875,-0.0973191554772628,0.0704608388035695,-0.000556586744004145,0.0116195441495451,2.7615764607066e-10
2.65,0.0800992319598192,-0.09815874201641,0.0705385730867563,-0.000636490708869017,0.0116430693407348,2.13051880513501e-10
2.7,0.0913007237792899,-0.0988147621555199,0.0704723541356792,-0.000718448758590823,0.0116431737804193,1.31060429560984e-10
2.75,0.102550735403541,-0.0992690919240803,0.0702538208748925,-0.000802220874766682,0.0116184377227455,1.88941965332984e-11
2.8,0.113835310278197,-0.0995042778495316,0.0698752627914974,-0.000887552242162938,0.0115675194365408,-2.48508758990225e-10
2.85,0.125141311948708,-0.0995049046571486,0.0693278879191819,-0.000974331006121723,0.0114884078142616,1.45929370477298e-10
2.9,0.136438376377038,-0.0992488736013029,0.0686155049702913,-0.00106196394738479,0.0113821719307034,1.3903381848529e-10
2.95,0.147724081197864,-0.0987310364355976,0.0677192584949309,-0.00115006355792469,0.0112457821911307,2.31200937529807e-10
3,0.158962731192466,-0.0979329313911816,0.0666412354698516,-0.00123678025865251,0.0110796116867307,1.50513635990666e-10
3.05,0.170168298179426,-0.0968398003005921,0.0653750037004386,-0.00132455564135547,0.0108823645798807,4.04227390898484e-11
3.1,0.18125415623156,-0.0954455486461249,0.0639234794070101,-0.00141174533749484,0.0106541458062391,-4.38968251566407e-11
3.15,0.1922694058865,-0.0937292812509117,0.0623054416436911,-0.00149777439229951,0.0103981621756289,5.52254193257137e-12
3.2,0.203083046773779,-0.0917040408183572,0.0604786202155911,-0.00158105315533462,0.0101077144527807,4.10774626739005e-11
3.25,0.213768536611526,-0.0893454265634689,0.0584773946679188,-0.00166279803359769,0.009787883318608,3.92351550374747e-11
3.3,0.224186741240576,-0.0866334832996738,0.0563118676927004,-0.00174157848776309,0.00944011477872375,4.05061788817567e-10
3.35,0.234373456168754,-0.0836395744990535,0.0539510433682317,-0.00181687258548324,0.00906006462977114,2.28016966258842e-10
3.4,0.244296775463363,-0.080255335484375,0.0514254931069541,-0.00188888304410498,0.00865146693863741,-1.48900545188958e-11
3.45,0.253870405915093,-0.0765509697393063,0.0487331806582686,-0.00195726778616872,0.00821489558693519,1.80951994104347e-11
3.5,0.263059584046333,-0.0725267619168805,0.0458725566267982,-0.00202128360446497,0.00774996901566025,-6.69338312660232e-11
3.55,0.271854431195147,-0.068191138370426,0.042863627473934,-0.00208061674698168,0.00725921839795356,-2.6428235171333e-12
3.6,0.280186335149427,-0.0635575284803502,0.0396971317262038,-0.00213425181661156,0.00674260286868864,8.37921826116135e-11
3.65,0.288015463400292,-0.0586037273338666,0.0364197939711512,-0.00218183910839437,0.00620598328129292,-2.36187484543434e-10
3.7,0.295316813899536,-0.0533885812985922,0.0330076357972109,-0.00222360760174013,0.00564665138997884,6.756410872869e-11
3.75,0.302030706006517,-0.0479101750418391,0.0294870542448477,-0.00225901096501643,0.00506858680079368,6.57905841230454e-11
3.8,0.308123326978242,-0.0421942510577974,0.0258614806832024,-0.00228784206214904,0.00447267663909965,2.68052288697626e-11
3.85,0.313549134194503,-0.036254590902257,0.0221507057304992,-0.00230988124125438,0.00386184614712571,5.53041584799723e-11
3.9,0.318291198111446,-0.0301357578696418,0.0183464409165607,-0.00232513057804901,0.00323520730866822,3.35888985163343e-11
3.95,0.322308619135819,-0.0238535659354303,0.0144736253619753,-0.00233327063644926,0.00259640229753384,-7.88051423490756e-12
4,0.325569809237064,-0.017429389078976,0.0105515891431076,-0.00233435325026586,0.00194908936191568,-3.75499964931696e-10
4.05,0.328062075361653,-0.0109058256620271,0.00658163913562947,-0.00232843242329452,0.00129360006204795,5.55493390997475e-11
4.1,0.329766744301074,-0.00431089341718646,0.00257946230387346,-0.00231556822469597,0.000632548601328611,2.02314447575459e-11
4.15,0.330697406929221,0.00227280608985712,-0.00143419843125825,-0.00229503191782829,-3.01992194915902e-05,-1.36999755790433e-10
4.2,0.330775242195122,0.0089588068702618,-0.00546140721950034,-0.0022680355606704,-0.000695571891840632,-1.17548673540376e-10
4.25,0.330070641444388,0.0155725098854372,-0.00948205655483783,-0.00223505246872516,-0.00135970688915129,-1.70507258906279e-10
4.3,0.328566777322385,0.0221275425271305,-0.0134875413662246,-0.00219635230867039,-0.00202095598905617,1.07192540421801e-10
4.35,0.326281393604,0.0285801583543139,-0.0174476632134262,-0.00215201623720853,-0.00267466169842584,1.28031822779078e-10
4.4,0.323224644227785,0.0349113107251598,-0.0213648655748462,-0.00210239478713233,-0.00332097414246869,-1.75603384703987e-10
4.45,0.31941957432757,0.0410882800429344,-0.0252231428160902,-0.00204794290264512,-0.00395713969752054,1.46790680305068e-11
4.5,0.314892273151306,0.0470826977283524,-0.0290104553062866,-0.00198915345889019,-0.00458109276456655,4.76848654981754e-11
4.55,0.309672713166667,0.0528679751787091,-0.03271600237057,-0.00192656786183582,-0.00519098325832393,-1.41821774674604e-11
4.6,0.303795002717656,0.058419145224097,-0.0363274850729914,-0.00186074458144108,-0.00578477988348024,9.05235569279277e-11
4.65,0.2972973896269,0.0637132864792753,-0.0398295735495684,-0.00179220554282951,-0.00635995553192839,8.58170306720461e-11
4.7,0.290229065319122,0.0687278983437377,-0.0431855563973664,-0.00172153034148467,-0.00691042874814984,1.58101255792853e-10
4.75,0.282604902560146,0.0734532993761117,-0.0464525785917324,-0.0016488095963298,-0.00744544203962615,-2.40155653390731e-10
4.8,0.274487524256725,0.0778693085523747,-0.0495650500612757,-0.00157475845466611,-0.00795446684508367,2.15307281466392e-10
4.85,0.265914487135259,0.0819643097733939,-0.0525268591882695,-0.00149984727209241,-0.00843808274569322,-1.74451421992024e-10
4.9,0.256927855204163,0.0857292667797939,-0.0553302861896068,-0.00142453689681337,-0.00889505494798132,2.56996852442374e-10
4.95,0.247569730554463,0.0891569290477981,-0.0579682260290122,-0.00134945640671935,-0.00932424745469782,5.28165277247815e-11
5,0.237881506957553,0.0922437100331528,-0.0604318662735995,-0.00127468875322954,-0.00972436270796165,8.18248500162593e-13
5.05,0.227902863788386,0.0949870481120035,-0.062715425253275,-0.00120063425341935,-0.0100944887538948,-3.95615114308167e-10
5.1,0.217671609506718,0.0973880690165333,-0.0648109869810899,-0.00112761691063876,-0.0104334143229127,-3.10371296802285e-10
5.15,0.207224374230624,0.0994491421323976,-0.066714943148309,-0.001055904075997,-0.01074062675178,3.27627079461892e-11
5.2,0.196595044280539,0.101175461621932,-0.0684231214423606,-0.000986023576595228,-0.0110154913801257,-2.12145562731491e-12
5.25,0.185816456052886,0.102571270942218,-0.0699401900177389,-0.000917614062023562,-0.0112588980923622,1.03295227994001e-11
5.3,0.174914842756108,0.103649310214982,-0.0712561033521792,-0.000850926182432157,-0.0114692474208324,-3.12651523907221e-11
5.35,0.163926514072029,0.104413396772751,-0.0723823633684398,-0.000786226065121454,-0.0116484445653507,2.20824459881149e-11
5.4,0.152869788485284,0.104874073762997,-0.0733075429593634,-0.000723687344872287,-0.0117946946432441,-2.21676949690955e-11
5.45,0.141776618673274,0.105067234646769,-0.0740524181548708,-0.000663514267251705,-0.0119118973436166,-2.38617652260775e-11
5.5,0.130662493056448,0.104970228574348,-0.074594824853402,-0.000605531941202575,-0.0119961320793449,1.66689474125875e-11
5.55,0.119542100989278,0.104624159353811,-0.0749541575037275,-0.000549902422930937,-0.0120506636244276,2.99495696539044e-10
5.6,0.10843481288157,0.104037432927116,-0.0751320945588105,-0.000496495462667797,-0.0120759213196456,-1.08101984176803e-10
5.65,0.0973673176219723,0.103221161338905,-0.075133207439221,-0.000445571367471409,-0.0120725567231445,2.04023182420315e-11
5.7,0.0863263945412486,0.102205405410392,-0.0749716688750908,-0.000396804951268902,-0.0120430415488067,-9.15952317094345e-12
5.75,0.0753515754247757,0.100993141952949,-0.0746490402640281,-0.000350339818216023,-0.011987632140657,-2.3114930010562e-10
5.8,0.0644383198579565,0.0996112380287499,-0.0741796419248206,-0.000306189618631276,-0.0119087146968053,1.78448841426653e-10
5.85,0.053598269053439,0.0980776991194408,-0.0735732382900862,-0.000264140734614521,-0.0118079201719513,-1.46240589915036e-12
5.9,0.042841919523223,0.0964098055393323,-0.0728415210436973,-0.000224196886281418,-0.0116871481003186,1.47921151674875e-10
5.95,0.0321755982305134,0.0946271101831308,-0.0719976502385058,-0.000186318029033038,-0.0115485485641714,1.2962692717675e-11
6,0.0216054779782272,0.0927493831449365,-0.0710547598421916,-0.000150449198784977,-0.0113942609832843,6.66149530447705e-12
6.05,0.0111385339766829,0.090795426815357,-0.0700256842562818,-0.000116655205019725,-0.0112263939793573,-8.42586955517604e-11
6.1,0.000780681151216341,0.0887854154455241,-0.0689203523997704,-8.47469216555526e-05,-0.0110464916974051,7.69464776270616e-11
6.15,-0.00946059092125523,0.0867361454409545,-0.0677546723870829,-5.47103586020871e-05,-0.0108571145058443,1.05230258027655e-10
6.2,-0.019581955617993,0.0846665798774567,-0.0665430091049894,-2.6558654133568e-05,-0.0106605521521281,-2.44537081196618e-11
6.25,-0.0295775212483714,0.08259512838252,-0.0653006141272135,-2.62752873186676e-07,-0.0104592318033456,-7.76868844459439e-12
6.3,-0.0394425459412235,0.0805398743063378,-0.0640427413544524,2.42290957290634e-05,-0.0102555889722368,2.6489379006465e-11
6.35,-0.0491719032592772,0.0785185165697564,-0.0627845716047366,4.692688165607e-05,-0.0100520243310669,-7.46771043024839e-12
6.4,-0.0587602583736582,0.0765483076749781,-0.0615412016455366,6.78513635785481e-05,-0.0098509105575321,-5.26265098574593e-11
6.45,-0.0682020563106335,0.0746460086733861,-0.0603276006854856,8.70268401505953e-05,-0.00965462578323343,-8.56288156423636e-12
6.5,-0.0774913375350562,0.0728277772296472,-0.0591584986642783,0.000104453871169583,-0.0094654726797697,7.60032170098839e-11
6.55,-0.0866215646133431,0.0711091590403939,-0.0580482202870627,0.000120141376553692,-0.00928568941217511,1.67643755473392e-11
6.6,-0.0955852868439855,0.0695051326220639,-0.0570105135005289,0.000134073957136297,-0.00911742173934969,3.67672020747264e-11
6.65,-0.104373429198826,0.0680301402914662,-0.0560584140841074,0.000146213599392693,-0.00896267053584675,2.50092922110533e-11
6.7,-0.112974750555907,0.0666990496809207,-0.0552041166463524,0.000156544808227284,-0.00882321320328013,-7.39060597122082e-11
6.75,-0.121351897632304,0.0654971601466749,-0.0544693441476655,0.000164514739107456,-0.00870230204302542,1.9916852972056e-10
6.8,-0.12961763433113,0.0644396787975006,-0.0538911338581152,0.000171587562738219,-0.00860633890539835,-3.92837698026498e-10
6.85,-0.137650580467709,0.0636292031525222,-0.0533942507188621,0.000177241475610806,-0.00852343407719497,7.55300533843842e-11
6.9,-0.145421637353862,0.0629712464698535,-0.0530527169081155,0.00018093812186932,-0.00846467794742958,1.05403835548366e-11
6.95,-0.152972418151474,0.0624957224350496,-0.0528727686691431,0.00018274170658611,-0.00843103763580615,1.48629373639886e-11
7,-0.160286918036806,0.062216935002237,-0.0528568696565523,0.000182692424269185,-0.00842284742177071,-2.44707763640854e-11
7.05,-0.167350675699544,0.062140905238983,-0.0530113635721891,0.000180807735475903,-0.00844105152460032,-6.50659631975927e-12
7.1,-0.174151038664634,0.0622716711958853,-0.0533424400680781,0.000177103867422769,-0.00848652000399785,-9.91450298880155e-12
7.15,-0.180675774318178,0.0626118994897261,-0.0538553590357537,0.000171603564526674,-0.00855999156056466,8.17588736239177e-11
7.2,-0.186912722385288,0.0631629109836996,-0.0545542934229771,0.000164350436926879,-0.00866203975713949,5.48788240829651e-11
7.25,-0.192849763891603,0.0639246542034198,-0.0554422948479785,0.000155377672250536,-0.00879301387652585,1.71169394442383e-11
7.3,-0.198474880519253,0.0648956836669427,-0.0565212641040823,0.000144703786201757,-0.00895311168940294,-5.93561344762916e-11
7.35,-0.20377627208078,0.0660731522186535,-0.0577919440617967,0.000132396673879779,-0.00914232380923096,6.94201267322532e-11
7.4,-0.208742439860541,0.0674528088059001,-0.059253910326946,0.000118513721018849,-0.00936047568548823,1.29367583465354e-10
7.45,-0.213300087110042,0.0690444767184162,-0.0609312280307696,0.000102485345901481,-0.00961034271531066,-1.20083309029802e-10
7.5,-0.217619221840482,0.0707977496376652,-0.0627502465981875,8.55502240030797e-05,-0.00988159208840698,8.17574719197194e-11
7.55,-0.221520331992618,0.0727429433620173,-0.064769056093458,6.7350279963543e-05,-0.0101829175360161,-2.53478029268526e-10
7.6,-0.225043535271946,0.0748608470467135,-0.0669681144946193,4.79839136433609e-05,-0.010511032332302,5.17309188534034e-11
7.65,-0.228182936554676,0.077139325547595,-0.0693395869922007,2.75743114058382e-05,-0.0108645484093577,-8.76475602176637e-11
7.7,-0.230931147482934,0.0795655319395314,-0.0718762154105478,6.18695300996829e-06,-0.0112421923272393,6.27947389413117e-12
7.75,-0.233280753109753,0.0821253003713044,-0.0745684419858722,-1.60549594245018e-05,-0.0116423049142248,-2.09790289395923e-11
7.8,-0.235237443513145,0.0848459729353148,-0.0774143111023175,-3.91942918878417e-05,-0.0120643539759398,-1.19332026685817e-10
7.85,-0.23679289510898,0.0875967669798752,-0.0803866605354243,-6.25646674548918e-05,-0.0125044355384051,-1.16642204575163e-10
7.9,-0.237936194575389,0.0905072596246681,-0.0834861266434606,-8.63968534752511e-05,-0.0129623227577143,8.25087456611489e-11
7.95,-0.238675550109033,0.0934709450337168,-0.0867154318159983,-0.000110555526068438,-0.0134382506645454,8.18560056025794e-11
8,-0.239006447355339,0.0964915020482311,-0.0900413031795665,-0.00013488442312996,-0.0139269713420204,1.23914901136452e-11
8.05,-0.238934131139419,0.0995543480301641,-0.0934544008499783,-0.000159216291176881,-0.0144269648987562,-3.60552399180078e-11
8.1,-0.238463252529913,0.102642163510077,-0.0969424459891315,-0.000183375929719725,-0.0149363049362856,-5.70037860298153e-11
8.15,-0.237607166290683,0.105753794252393,-0.100475527949797,-0.000206197031148569,-0.0154499395713138,4.52838168373122e-11
8.2,-0.236359542535796,0.108798935748911,-0.104090913060112,-0.000229151712469184,-0.0159742922198667,-3.51554990762979e-11
8.25,-0.234721802940753,0.111876810289456,-0.107699744006492,-0.000251737287132422,-0.0164953398108737,-1.84785592401329e-11
8.3,-0.232732624988114,0.114887494486614,-0.11133237897823,-0.000273581205885659,-0.0170178165287885,-3.88128028479936e-11
8.35,-0.230379023475584,0.117836051904667,-0.114971269095349,-0.000294537269443854,-0.0175390426060258,3.13350685295252e-11
8.4,-0.22767865156721,0.120707969848053,-0.118592825412468,-0.000314452555807249,-0.0180553746489049,1.33171942155289e-11
8.45,-0.224646888122375,0.123485623955044,-0.122182866337567,-0.000332667152780751,-0.0185649649699663,-4.78425448046065e-11
8.5,-0.221289945523531,0.126160739802161,-0.125718293057059,-0.00034994046686857,-0.0190638808399768,1.18097296659782e-10
8.55,-0.217629070694539,0.128711663346239,-0.129190984919872,-0.000365964755221477,-0.0195511162710426,1.03978289466166e-10
8.6,-0.213676689795503,0.131128093059723,-0.13258276787794,-0.000380517316046846,-0.0200240031211384,1.1973701154068e-11
8.65,-0.209447628396168,0.133397549924095,-0.13587808252728,-0.000393510012549309,-0.0204803335258373,-1.12123709963426e-10
8.7,-0.204956854648131,0.135508046144239,-0.139061950390616,-0.000404855893739798,-0.0209179651083504,-7.61002524308262e-12
8.75,-0.200218983082732,0.137448039434169,-0.142120428810051,-0.000413810245187526,-0.0213347703662324,6.88357336922747e-12
8.8,-0.195247561533881,0.139205763155628,-0.145037414203175,-0.000421474617111007,-0.0217287990867917,1.2944251285962e-10
8.85,-0.190057626053481,0.140771775439137,-0.147799489601179,-0.000427508144807498,-0.0220981804588504,1.14017677931248e-10
8.9,-0.184666141881247,0.142140232541312,-0.150389914057184,-0.000431735636964816,-0.0224406588257427,-1.50657113033053e-10
8.95,-0.179092477892579,0.143308775476619,-0.152793523645917,-0.000434101132973425,-0.0227541669712274,5.16111572400776e-11
9,-0.173354291884078,0.144274761666052,-0.154998400875091,-0.000434600067683148,-0.0230371405645909,-6.20082919196916e-11
9.05,-0.167465534478133,0.145033371159384,-0.156994957645685,-0.000433241794430282,-0.0232883680525449,5.53089377206966e-11
9.1,-0.161434731731505,0.145580211576659,-0.158778443564694,-0.000429651219251912,-0.0235077167803525,-9.01592045841511e-11
9.15,-0.155284624877474,0.14590807999731,-0.160326186038698,-0.000424585364089876,-0.0236913903599399,-7.83813872549943e-11
9.2,-0.149019592960964,0.146018712784625,-0.1616416526764,-0.000417454035427781,-0.0238402908063071,-5.76588493832585e-11
9.25,-0.142656856176139,0.145913093001409,-0.16271675203925,-0.000409000706638827,-0.0239535403295047,7.02298671905054e-11
9.3,-0.136207328124557,0.14559220127666,-0.163538466514372,-0.000398662358056288,-0.0240294986698545,-1.06902778783498e-11
9.35,-0.129659744078979,0.14503098335785,-0.164118573288801,-0.000386864682405518,-0.0240704680145125,-4.02918556711889e-11
9.4,-0.123060459809544,0.144266830700456,-0.164427231220014,-0.000373563093934459,-0.0240719836143367,-8.8565651342715e-11
9.45,-0.116401346506144,0.143289388695767,-0.164465440433694,-0.000358369195640829,-0.0240348338688133,-5.33185639827253e-11
9.5,-0.10973216130816,0.142116623768575,-0.164244239267467,-0.000342029038120272,-0.0239599078760759,-2.59249337712646e-11
9.55,-0.102979739220645,0.140723507023511,-0.163734560162511,-0.000324172897317442,-0.0238445223892268,9.73341906616226e-11
9.6,-0.0962127500490475,0.139114890649687,-0.162979177929983,-0.000304922464463435,-0.0236941206966632,-2.33895471343707e-10
9.65,-0.0894118606157841,0.137309757883347,-0.161938093359682,-0.000284718823655086,-0.0235037574027432,9.02705339738556e-11
9.7,-0.0826157149985598,0.135315165693849,-0.160649916220701,-0.000263205222174796,-0.0232786587404776,-3.17833150269755e-12
9.75,-0.0758369346824564,0.133146805591261,-0.159069056754858,-0.000240890125805846,-0.0230130506882081,5.41257148279881e-11
9.8,-0.0690699279908422,0.130811643693851,-0.157240913805557,-0.000217387261075933,-0.0227133445460233,8.18507808495577e-11
9.85,-0.0622732173667709,0.128330647979442,-0.155158956647128,-0.000193111259881234,-0.0223786270634985,3.5990464874891e-11
9.9,-0.055487704610785,0.125671734277577,-0.152825585204218,-0.00016780236413288,-0.022009562003816,8.37231735768616e-11
9.95,-0.0487332652587446,0.122860190936811,-0.150261757035118,-0.000141922343687768,-0.021609260128033,1.19689524205538e-10
10,-0.0419972546323444,0.11990670966107,-0.147454345624443,-0.000115216830453808,-0.0211758557159921,-1.35455261270455e-10
10.05,-0.035291850184561,0.116823355789784,-0.144458378507581,-8.8125225824332e-05,-0.0207175244077428,9.00836126597238e-11
10.1,-0.0286136506593954,0.113625523663838,-0.141231964944047,-6.04182330480666e-05,-0.0202280462158469,8.58345802415169e-11
10.15,-0.0219710148725422,0.110319349207436,-0.137809648709427,-3.22323382225045e-05,-0.0197126224302147,6.06275626587937e-11
10.2,-0.0153683320805604,0.106918593584893,-0.134209399261867,-3.64912628707299e-06,-0.0191737770404968,1.14929424265037e-10
10.25,-0.00880814871142733,0.103431120147063,-0.130435568771975,2.52227693640808e-05,-0.0186121315126228,3.82860227065127e-11
10.3,-0.00229395299615459,0.0998678774398537,-0.12650491095288,5.44090196796098e-05,-0.0180301488290229,1.26018953574083e-10
10.35,0.0041687561794345,0.096242716377269,-0.122436144593577,8.37761605051799e-05,-0.0174304246007095,-9.91040239613008e-11
10.4,0.0105835621981345,0.092562780116073,-0.118237193165008,0.000113234379005678,-0.0168141013851061,-8.09669819039765e-12
10.45,0.0169328406764808,0.0888466910918942,-0.113939733224712,0.000142888289896718,-0.0161857434642636,-4.8974582834683e-11
10.5,0.023229423179401,0.0851021428394453,-0.10954697384413,0.000172454186781099,-0.0155456004937668,2.79406809209312e-10
10.55,0.0294736845513143,0.081340978117849,-0.105075038768421,0.000202056617769699,-0.0148959977575558,1.79650374904871e-12
10.6,0.035639349988657,0.0775790732040118,-0.100557594658371,0.000231491695006407,-0.014241687963933,-1.75060722020144e-10
10.65,0.0417334053496941,0.0738278774661491,-0.0960052673651076,0.000260800643320021,-0.0135840350464316,-8.22978504694914e-11
10.7,0.0477555332817307,0.0700979178846547,-0.0914339949353285,0.000289982020229597,-0.0129252270255993,-1.65168756050489e-10
10.75,0.053701117269234,0.0664008421970443,-0.0868622735818746,0.000318993282033532,-0.0122677993291563,-1.36303988691941e-10
10.8,0.0595658314433021,0.0627479802204763,-0.0823082969008311,0.000347789573254076,-0.0116142438659468,2.45381018124058e-10
10.85,0.0653458155041017,0.0591501876819978,-0.0777896746871155,0.000376329616381745,-0.0109669634819411,2.98984412349283e-10
10.9,0.0710376662824859,0.0556182996555485,-0.0733234151795767,0.000404567628311427,-0.0103282694060853,8.78906644513383e-11
10.95,0.0766375725915323,0.05216318114708,-0.068925986530744,0.00043246721682431,-0.0097003974848382,-9.60770416769279e-13
11,0.082140331533252,0.0487956972725262,-0.0646128214588045,0.00045997215539978,-0.00908542628927916,-4.41164554614251e-10
11.05,0.0875412267401151,0.0455236148810379,-0.0603997949757151,0.000487082628485811,-0.00848552157333034,-1.86108551857484e-10
11.1,0.0928355626717064,0.0423550409634806,-0.0563010322639093,0.000513708106307102,-0.00790258342987269,5.51797195875954e-10
11.15,0.0980236264754579,0.0392989325975125,-0.0523275803900482,0.000539908934809503,-0.0073380729928901,-4.6773679382979e-10
11.2,0.103094292333591,0.0363624437488843,-0.0484934071688115,0.000565621908593604,-0.00679389840926581,4.37951899477608e-10
11.25,0.108037448067331,0.0335516734955752,-0.0448103666355157,0.000590761404641578,-0.00627166038015606,1.84222101613217e-11
11.3,0.112853994026219,0.0308714940152452,-0.0412864074208539,0.0006153303732795,-0.00577239946629976,-4.43773715389111e-10
11.35,0.117538416857649,0.0283263158354661,-0.0379300136667547,0.000639297250033105,-0.00529724762970475,-4.37598581405444e-10
11.4,0.122085208980602,0.0259201530114492,-0.0347482793633999,0.000662633856233652,-0.00484713843771313,3.77099287211969e-10
11.45,0.126488652210278,0.0236560021054609,-0.0317469497439359,0.000685310061870675,-0.00442282726845779,1.14125354296676e-11
11.5,0.130742927376777,0.0215358959696545,-0.0289303163701684,0.00070729146044632,-0.00402486629569321,1.82086630882105e-10
11.55,0.13484217843629,0.0195609006480398,-0.026301212057605,0.000728546084696895,-0.00365360623787769,3.60277070079176e-10
11.6,0.138780536742663,0.0177311103388742,-0.0238610164579262,0.000749040635839512,-0.00330919921016686,1.07708050921027e-11
11.65,0.142552154872525,0.0160456577261104,-0.0216096792371927,0.00076873826191007,-0.00299159985801216,-7.78765473860432e-11
11.7,0.146151227792114,0.0145027289283941,-0.0195457376580564,0.000787605055859867,-0.00270057011007558,2.30545855480518e-10
11.75,0.149572021939634,0.0130995776492037,-0.017666348134931,0.000805605406217813,-0.00243568086519117,4.44345454276574e-11
11.8,0.152808907274217,0.0118325473620161,-0.0159673229499515,0.000822703062094983,-0.00219631711807622,3.75416055172792e-11
11.85,0.155856389667906,0.0106970942269295,-0.0144431682356714,0.000838859407240517,-0.00198168412538871,6.68919311036994e-12
11.9,0.158709145883809,0.00968781854154289,-0.0130871352978537,0.000854039619865706,-0.00179081599254713,7.39785595600251e-11
11.95,0.161362057080701,0.00879849543800269,-0.0118912759567648,0.000868206742495417,-0.00162257999185995,-1.24862011246885e-10
12,0.163810245096565,0.00802211678425402,-0.0108465069542593,0.000881322703468633,-0.00147568390016632,6.99747764521484e-12
12.05,0.166049107367096,0.00735093320878135,-0.00994267691691617,0.000893351232595377,-0.00134869042989551,-2.18648653393601e-12
12.1,0.168074349167042,0.0067765014317131,-0.00916864353555724,0.000904254974306851,-0.00124002664185286,-2.50617152755183e-10
12.15,0.169882018502368,0.00628973811697423,-0.00851235444950713,0.000914001235105946,-0.00114799413282491,7.90452109276395e-11
12.2,0.17146853265213,0.00588097862855576,-0.0079609415014131,0.000922554800353043,-0.00107077315258502,9.23280587382178e-11
12.25,0.172830692860952,0.00554004368677639,-0.00750082014702408,0.000929885632779692,-0.00100645330630631,-1.49599150999943e-11
12.3,0.173975370136951,0.00525968965013906,-0.00711315886526739,0.000936003299766535,-0.000952203591286593,1.06593160534167e-10
12.35,0.174854066061554,0.00501304390091708,-0.00680025173875969,0.000940671082413881,-0.000908478873627146,1.79520036682122e-11
12.4,0.175547783091535,0.00481883089989215,-0.00652315994730812,0.000944308277463316,-0.000869740480377649,-8.67354477441367e-12
12.45,0.176001782736989,0.00464116308947136,-0.00628062577535601,0.000946518088065213,-0.000836360863123388,-4.82123750042375e-11
12.5,0.17619437424699,0.00446290260176635,-0.00605027421700362,0.000947179721046321,-0.000804858874377219,-7.14552942698239e-11
12.55,0.176166512363567,0.00430307933955333,-0.00583004712198944,0.00094651196104897,-0.000774676984875813,-6.32421902491158e-11
12.6,0.175912326500119,0.00412201875207495,-0.00558469310343662,0.000944502844457968,-0.000740870487484623,3.48479429181561e-11
12.65,0.175420456543236,0.0039181745469914,-0.00530896512447124,0.000941063886637353,-0.000702717645994239,1.99710429318898e-10
12.7,0.174696423144654,0.00367889072713452,-0.00498517629401333,0.000936203814468756,-0.000657718429074501,-1.01081211391164e-11
12.75,0.173741888591514,0.00339245903737883,-0.0045972986962581,0.000929920836796914,-0.000603594687472026,-3.18958768870268e-11
12.8,0.17255890995,0.00304750799340103,-0.00412990721033942,0.000922207845099923,-0.000538138689199163,-1.40402483090971e-10
12.85,0.171150048411495,0.00263297457112038,-0.00356819838984414,0.000913074237435942,-0.000459212538561852,-2.40803008128383e-11
12.9,0.169518249216667,0.00213840055885395,-0.00289783614564645,0.000902526928036607,-0.000364745106557212,-9.5990554501184e-11
12.95,0.167666842331454,0.00155368753922974,-0.00210532487212051,0.00089058480458492,-0.000252766478056092,1.12426938323583e-10
13,0.165599462239338,0.000869676744876921,-0.0011771275282823,0.000877359023832068,-0.000121276769725549,1.32343722587826e-10
13.05,0.163326563097066,7.65428524290982e-05,-0.000102456228548087,0.000862759299323612,3.13391096341284e-05,-2.17402490963382e-10
13.1,0.160847730025783,-0.000830432951422258,0.00112787145347139,0.000846828491090329,0.000206713466871399,-1.91403832515135e-10
13.15,0.158167476092376,-0.00186183373334396,0.00252728980406335,0.000829631279315114,0.000406225850800256,5.42729483300476e-12
13.2,0.155264935998667,-0.00303278789177752,0.00410415911356718,0.00081133479934545,0.000631524055658718,3.30296573429092e-10
13.25,0.152202951091926,-0.0043291519025277,0.0058646797144155,0.000791879036107197,0.000883629565378202,-2.06925944509592e-10
13.3,0.148941848372514,-0.0057713388356829,0.00781603492924388,0.000771191189717759,0.00116360608537452,2.75060851805147e-10
13.35,0.14549780859569,-0.00736304132224193,0.00996373527662261,0.000749558899218879,0.00147243813356649,1.00805277981677e-10
13.4,0.141880504450871,-0.00909952394357668,0.0123133370335863,0.000726826956062519,0.00181103726104311,-6.90774132369974e-11
13.45,0.138093781430968,-0.0109915867871885,0.0148646332831079,0.000703171700097455,0.00217949832305188,2.19357473338922e-10
13.5,0.134144904114121,-0.0130354991447118,0.017619848401191,0.00067868836073228,0.00257831811516196,1.09620317086274e-10
13.55,0.130031698561132,-0.0152424849862154,0.0205837790299057,0.000653461304761818,0.00300833183206839,-1.15073063554751e-11
13.6,0.125777310806901,-0.0175897230138783,0.0237440497491639,0.00062749890426679,0.00346802454974092,-1.80627279448063e-10
13.65,0.12137068459601,-0.0200968619417725,0.0271071363914729,0.00060088776653468,0.00395838511128635,-1.63267780996571e-10
13.7,0.116826862945381,-0.022750662199656,0.0306615084581329,0.000573687653202935,0.0044779579292432,-1.30763886998217e-10
13.75,0.112145108994898,-0.0255540606084075,0.0344066185101438,0.000545967985390111,0.00502687932056417,6.17752364474987e-11
13.8,0.107334344266369,-0.0284967252833633,0.0383296521253294,0.00051808831712104,0.00560349205729069,1.57323144284283e-10
13.85,0.102397949223071,-0.0315765588493812,0.0424207166610045,0.000489701684587737,0.00620648108072326,1.71623193042959e-10
13.9,0.0973437250522101,-0.0347804173106008,0.0466641916356571,0.000461401103798338,0.00683368294977216,1.91062743933564e-10
13.95,0.0921892807882805,-0.0380626540962029,0.0510162252198808,0.000433107096089393,0.00747831987991223,-3.8928152179063e-11
14,0.0869061826699732,-0.0415871353094405,0.05559431218464,0.000404496631291335,0.00815854956166779,-3.64406485961664e-11
14.05,0.0814480838690041,-0.0451731758713745,0.0602375462956218,0.000375758293788033,0.00885124489478069,-1.26962637369262e-10
14.1,0.0760372506163165,-0.048745640104567,0.0649456443309874,0.000347991101570469,0.00955539969479017,7.77080620241825e-12
14.15,0.070488622869952,-0.0525745353377451,0.0698377192811702,0.000320394821512688,0.0102893908157199,4.59150660295022e-11
14.2,0.0648065005630841,-0.0563620545041514,0.0747213653115357,0.000292783401094048,0.0110246499260141,8.41331157219213e-11
14.25,0.0590599709630185,-0.060266428354666,0.0796972871949963,0.000266092306753984,0.0117759905214116,5.6184084409999e-11
14.3,0.0532339778617839,-0.0642331686426063,0.0847196479612457,0.000240036769710322,0.0125370147801963,-3.30574503543819e-11
14.35,0.0473244230999041,-0.0682299955049885,0.0897429883187572,0.000214439997017199,0.0133009112347216,-7.93536536121025e-11
14.4,0.0413379854497193,-0.0722622165326043,0.0947618507600736,0.000189501665818329,0.0140667658358545,-2.13510439860212e-11
14.45,0.0352774881209248,-0.0763160023015307,0.0997627726459462,0.000165821637221895,0.0148325843295152,-1.58528053594539e-11
14.5,0.0291575542724919,-0.0803688551987824,0.104737859834238,0.000142811822144645,0.015597172787875,-1.70587203632966e-12
14.55,0.0229775587528425,-0.0844258087385072,0.109665706652089,0.000121321597319673,0.0163572551580251,1.10793924266267e-11
14.6,0.0167266367300054,-0.0884878832052972,0.114505343285012,0.000100642675488716,0.0171068296175239,-1.53368732420116e-10
14.65,0.0104146217509104,-0.0925535048555234,0.119257829436978,8.16047516348004e-05,0.0178465064085031,1.16840215404103e-11
14.7,0.00406867476620642,-0.096560400243846,0.123900945412354,6.36971109761679e-05,0.0185723127751071,-1.92255903255849e-10
14.75,-0.00232283255588445,-0.100410121483965,0.128416727750603,4.69597499562635e-05,0.0192814864006646,6.50154664284525e-11
14.8,-0.00881777700270639,-0.104286199730162,0.132754838160952,3.14132733719482e-05,0.0199657497422235,-2.00199506109224e-11
14.85,-0.0153314071913548,-0.108096177420963,0.136942066263103,1.74668868108044e-05,0.0206295441824602,3.82852451757896e-12
14.9,-0.0218806559748739,-0.111809522899756,0.140956749492954,5.07587516875567e-06,0.0212695126416589,-1.09265593124671e-10
14.95,-0.0284682006650077,-0.115420318715087,0.144779379693575,-5.67817488549154e-06,0.0218824937026131,1.67827616822769e-11
15,-0.0350910830687406,-0.118919799771634,0.148394703783791,-1.47852479042904e-05,0.0224659750558144,9.95117556624676e-11
15.05,-0.0417452039139485,-0.12229814635875,0.151789191865031,-2.22221262940563e-05,0.0230176788340993,-2.74213323500961e-11
15.1,-0.0484263127435664,-0.125545555793615,0.154950620669459,-2.79317066241532e-05,0.0235354767864087,4.19552811490299e-11
15.15,-0.0551303219765815,-0.128652516087638,0.157868302612134,-3.19044841391512e-05,0.024017551847664,6.66612735430251e-11
15.2,-0.0618546838636615,-0.13161082616418,0.160532319633873,-3.33088850072974e-05,0.0244617792248757,-7.7766973345039e-12
15.25,-0.0685914467263246,-0.134408300324492,0.162939269868206,-3.34306348641277e-05,0.0248678596094326,-1.26457989195073e-10
15.3,-0.0753401320315106,-0.137039500782348,0.165080437550147,-3.20311665192086e-05,0.0252341115025764,-1.48633058570684e-10
15.35,-0.0820936034456638,-0.13949453679991,0.166951734580246,-2.89921318526415e-05,0.025559621398501,2.10632357641321e-10
15.4,-0.0888442356829804,-0.141764392239284,0.168548792389717,-2.42755744767831e-05,0.0258434590475358,-7.38123024819823e-12
15.45,-0.0955831552496614,-0.143839950803863,0.169868542991726,-1.78884711245335e-05,0.0260848687314485,-4.92774658400207e-11
15.5,-0.102301256714943,-0.145712801668112,0.17090817937018,-9.3431304743668e-06,0.0262834399347183,-1.00231977696277e-10
15.55,-0.108992214260094,-0.14738141651663,0.171673300792652,4.46762490737171e-07,0.0264393845230681,1.19613584527924e-10
15.6,-0.115651383314611,-0.148843467668921,0.17215835953722,1.16233319421524e-05,0.0265517675247061,-9.11664047841138e-11
15.65,-0.122271955636795,-0.150098487093363,0.172363591448962,2.46035771940683e-05,0.0266204280642441,-1.82373173200898e-10
15.7,-0.128845751906491,-0.151142711256184,0.172289822592502,3.87765094942928e-05,0.0266454676874819,9.24312922671733e-11
15.75,-0.135359446352946,-0.151970686023309,0.171940518577141,5.42733594140464e-05,0.0266272503696554,3.80765475442233e-12
15.8,-0.141802020268725,-0.152578597833023,0.171320925850502,7.10902681572975e-05,0.0265664297509231,-5.90947063359262e-11
15.85,-0.148164271473532,-0.152955841340024,0.170438491554852,9.00437071327615e-05,0.0264639810725036,8.65659382315004e-11
15.9,-0.154425804496925,-0.153126416995678,0.169297513739359,0.000109731091121726,0.0263204268312331,8.74472263831262e-11
15.95,-0.160582500797663,-0.153066517597257,0.1679104681365,0.000130337412751425,0.0261375418446166,6.62490729145052e-11
16,-0.166618780863494,-0.152785413474134,0.166284814212019,0.000151869806639228,0.025916341523551,-1.22117062966797e-10
16.05,-0.172521443584158,-0.152286436653051,0.164429523234605,0.000174272629644577,0.0256580938732677,-1.33338987302451e-12
16.1,-0.178281089546734,-0.151574825576236,0.16234781867439,0.00019739369871056,0.0253631431912252,-7.75118518862963e-11
16.15,-0.183877396105156,-0.150646889732289,0.160059187378954,0.000221225167287509,0.0250345092334657,5.64610295261448e-11
16.2,-0.189299201421285,-0.149498871521992,0.15758657743505,0.000245622169888554,0.0246756822397176,-7.46134748202049e-11
16.25,-0.194527487098324,-0.148157600042133,0.154926376924916,0.000270441285973805,0.0242860113439196,-2.45539207780765e-11
16.3,-0.199548067241332,-0.146620630343338,0.152097536341126,0.000295584580828889,0.0238684158783796,-3.50621461607653e-11
16.35,-0.204346664090846,-0.144894865868188,0.149113264107104,0.000320909906377541,0.0234249191697911,9.18043036054968e-12
16.4,-0.208907498251384,-0.142988253547354,0.145988810287311,0.000346328670476403,0.0229579182675686,2.77010297058561e-11
16.45,-0.213218348632847,-0.140911651488067,0.142743181222376,0.000371721946302515,0.0224703443077761,6.09606430124402e-11
16.5,-0.217258908929645,-0.138681449307441,0.13938159440291,0.000396926020065377,0.0219630011709501,3.64370534558061e-12
16.55,-0.221018964888583,-0.136307855986898,0.135926782152053,0.000421837926424811,0.0214394652301474,-1.06374768023469e-10
16.6,-0.224472737268214,-0.133785885487894,0.132392966998136,0.00044634092306179,0.0209020087773273,1.62292153703692e-11
16.65,-0.22764818883255,-0.131123201582158,0.128777369456787,0.000470285021878061,0.0203498729187374,5.21159265853411e-11
16.7,-0.230420435040907,-0.128396507200392,0.125157330383831,0.000493762183587707,0.0197958570181471,4.86603956889427e-11
16.75,-0.232887498791379,-0.125557603883071,0.121490092953934,0.000516664812510159,0.0192331735039476,-9.68181365128661e-11
16.8,-0.235002933515658,-0.122639325254789,0.117806288727223,0.000538828968208875,0.0186666139386476,-6.10213867858341e-12
16.85,-0.236754093796666,-0.119658908982957,0.114124137904612,0.000560172735803159,0.018099083761524,9.58038959350791e-11
16.9,-0.238130796497209,-0.116632870163583,0.110459552076585,0.000580585535438199,0.0175331209435157,-1.45176410561928e-11
16.95,-0.23912410778266,-0.11357793495853,0.106827868390365,0.000599978994091792,0.0169712286784223,-1.65135463035098e-10
17,-0.239726378463371,-0.110511042684471,0.103244021748669,0.000618262994060565,0.0164158246435705,-2.01108964590581e-10
17.05,-0.239931289993797,-0.107449239429958,0.0997224986079221,0.000635363283851478,0.0158692713461147,1.10010235301006e-10
17.1,-0.23973384502515,-0.104409564418549,0.0962772876560683,0.000651206871656956,0.0153338623764629,-2.47853984660172e-11
17.15,-0.23912171721423,-0.101410453064975,0.0929214659021197,0.00066590802438278,0.0148117541372368,-1.77038873033723e-11
17.2,-0.238118780807071,-0.0984635278335556,0.0896683131788099,0.000679120884079574,0.0143051182325313,-1.60181212320096e-11
17.25,-0.236697393382564,-0.0955901385716955,0.086529388432271,0.000690846242781198,0.0138158831168541,-3.61038241180231e-11
17.3,-0.234863404859809,-0.0928043946753026,0.0835143309940406,0.000701117105645631,0.013345705782427,-9.44488079171203e-11
17.35,-0.232611199087284,-0.0901264743345768,0.0806239069254563,0.000710063392209758,0.0128949162078795,2.98189338748844e-10
17.4,-0.230000610156849,-0.0875992240195805,0.0778781240025405,0.000717386889961421,0.012466578103826,-4.41170209572184e-10
17.45,-0.22699516418643,-0.0851328770778631,0.0753459341286412,0.000722541735558353,0.0120712030928081,-1.88225074269497e-10
17.5,-0.223543265008579,-0.0828346440244312,0.0729195322929727,0.000726005335352462,0.0116924839954671,6.15705087031043e-11
17.55,-0.219728545554253,-0.0807009914634782,0.070659980892898,0.000727949168481927,0.0113400999926508,4.19031253705007e-11
17.6,-0.215544095451723,-0.0787307820514235,0.0685767680622327,0.000728260571205927,0.0110156062885599,6.83724328362211e-12
17.65,-0.210994140948424,-0.0769328519680378,0.0666714328884757,0.000726875072432973,0.0107193091870792,1.01028784623309e-10
17.7,-0.206089497475138,-0.07531734570246,0.0649458983320454,0.000723554748617788,0.010451568740851,-2.02637442167942e-11
17.75,-0.200835185770822,-0.073885575010359,0.0634009209763356,0.000718474206586163,0.0102125697172999,-3.10743093691233e-11
17.8,-0.195247823604338,-0.0726479648271813,0.0620375621791616,0.000711544584782608,0.0100025672414487,-3.75485197162821e-11
17.85,-0.189337232759664,-0.0716065912885123,0.0608552986452544,0.000702684077752493,0.00982154005931407,-2.40703661617486e-12
17.9,-0.18311580584524,-0.0707645895926453,0.0598519339672992,0.000691672899081978,0.00966916750257915,-7.02897517045919e-12
17.95,-0.176594719863668,-0.0701187876523655,0.0590283260408757,0.000678720753275605,0.00954567668579259,-2.09333786034772e-10
18,-0.169786167314644,-0.0696686863105539,0.0583811318260232,0.000663721064643351,0.00945060123738879,-3.8516986292999e-12
18.05,-0.1627061312166,-0.0694267747359561,0.0578956499923504,0.000646462433493423,0.00938161062271619,1.80935831373967e-10
18.1,-0.1553522145137,-0.0693615429173749,0.0575814084342916,0.000627114789952614,0.00934038721647464,8.67262652412338e-11
18.15,-0.147751874714352,-0.0694985561820815,0.0574154848976444,0.000605284118012271,0.00932316303437886,-1.36142848825243e-10
18.2,-0.139904935131049,-0.0698089906089702,0.0574012274210119,0.000581276346329528,0.00933057782669117,1.92889780951494e-11
18.25,-0.131835529192357,-0.0702853543727851,0.057521540674125,0.000554821493609847,0.00935999877877596,3.12879372295634e-11
18.3,-0.123538760652219,-0.0709700707401562,0.0577937272300691,0.0005258158478255,0.0094139095048721,-9.66090643415965e-11
18.35,-0.115037687667559,-0.0717679707016718,0.05816330821348,0.000494276721261603,0.00948381561301352,-8.68274069059606e-11
18.4,-0.106336539581901,-0.0727258685269805,0.0586444714713024,0.000459998888186885,0.00957212174187038,-1.17259339469281e-11
18.45,-0.0974370910014495,-0.0738234160492079,0.0592223463731495,0.000423116341299609,0.00967629304222552,3.33470758641934e-11
18.5,-0.0883660786371115,-0.07503453146895,0.059882923271834,0.00038342408895553,0.00979422422714507,1.73536009020491e-10
18.55,-0.0791143947748995,-0.0763570646280896,0.0606127891938943,0.000340678445006005,0.00992372537956383,1.23890602047613e-11
18.6,-0.0696944306027448,-0.0777728587632456,0.0613983935729415,0.000295028675487763,0.0100626142192335,-4.53698779140956e-12
18.65,-0.060111953089069,-0.0792672915410727,0.0622271106840345,0.000246368267002558,0.0102088360203701,2.68330433994344e-10
18.7,-0.050373894915779,-0.0808242352785755,0.0630850849613526,0.000194652400862205,0.0103601554265741,2.97194436579091e-10
18.75,-0.0404863133423609,-0.0824271385273152,0.0639583273962913,0.000139813955201566,0.010514305269981,-2.04619610261386e-10
18.8,-0.0304569371499695,-0.0840583991933933,0.0648315755490394,8.16573128815826e-05,0.0106687029080586,2.49290933365104e-10
18.85,-0.0202899710053723,-0.0857003317796106,0.0656908015787868,2.04250249263151e-05,0.0108211875604372,-2.41133647096261e-10
18.9,-0.00999246847826734,-0.0873348798802105,0.0665212159745149,-4.39449678735335e-05,0.0109693330196304,-1.57908654545387e-11
18.95,0.000429826947071179,-0.0889437230216179,0.0673089520178631,-0.000111516788612584,0.0111108589898837,-1.05966853858849e-11
19,0.0109726033642202,-0.090508112222275,0.0680401231625125,-0.000182243927417797,0.011243477400516,-7.98442721473198e-12
19.05,0.0216280773424343,-0.0920065095752463,0.0687079494009448,-0.000256208715738394,0.0113659088876732,-1.40477855058481e-10
19.1,0.0323933433694398,-0.093428203513457,0.0692780092780765,-0.000333204082814163,0.0114728161485819,-1.0903848748042e-10
19.15,0.0432578912403677,-0.0947447197970707,0.0697589890934234,-0.000413108851327387,0.0115653782391178,-1.04555904181738e-11
19.2,0.0542150767016563,-0.0959401101756628,0.0701329204750502,-0.000495798212499235,0.0116406442583532,1.84373231068976e-11
19.25,0.0652569200386113,-0.0969954719071133,0.0703871825463472,-0.000581117031673266,0.0116965105447331,-3.21015999479229e-10
19.3,0.0763742128990973,-0.0978920806472363,0.0705103457434488,-0.000668888573397557,0.0117310575952498,-9.91733408541395e-11
19.35,0.0875553703861496,-0.0985974212074085,0.070519612129933,-0.000737968521449122,0.0117388829135315,-7.1278653487594e-11
19.4,0.0987999321753623,-0.0991383656098877,0.0703316279472961,-0.000802910107225793,0.0117124363586764,8.20577613503326e-11
19.45,0.110064024020327,-0.0994473892557067,0.0700075691895536,-0.000869467989773836,0.0116635246042589,8.84887494788835e-11
19.5,0.121352731904913,-0.0995291203354421,0.0695192486057959,-0.000937704380210668,0.0115876576266123,-9.63807018588773e-11
19.55,0.132671408487848,-0.099360218214871,0.0688576340282668,-0.00100768340476701,0.0114832605144788,-6.73361233798788e-11
19.6,0.143987258371405,-0.0989273028989275,0.0680173389748428,-0.00107922516549341,0.0113493784473692,7.17755918779377e-11
19.65,0.155241503702312,-0.0982240407223362,0.0670004632981184,-0.0011519664506894,0.0111862759119426,1.9048801489514e-11
19.7,0.166423685871643,-0.0972348800496218,0.065809376522299,-0.00122584376073549,0.0109942273282435,-5.64881127689448e-11
19.75,0.177569173568705,-0.0959399122623622,0.0644245813529947,-0.00130111287079556,0.0107700190090009,-3.09439535943524e-11
19.8,0.18861476324069,-0.0943304798495064,0.0628444650028174,-0.00137740123682996,0.0105133298344104,-6.15925875353981e-11
19.85,0.199492290745484,-0.092414929662208,0.0611250518978532,-0.00145433403349043,0.0102331108775311,-1.78973952842647e-10
19.9,0.210184327296577,-0.0901190285826988,0.0591198796549686,-0.00153203372552704,0.0099057978078142,1.25259310297388e-10
19.95,0.220439005950373,-0.0875360008117,0.0569807227167404,-0.00160904487719905,0.00955608001479435,1.14550015120508e-10
20,0.227142624239331,-0.0839360683696187,0.0538216239444612,-0.00166317483572354,0.00903891344888413,5.55447273716157e-11
